{"cameraMode":{"drawMode":0,"name":"Shaded","section":"Shading Mode"},"sceneLighting":false,"audioPlay":false,"sceneViewState":{"showFog":true,"showMaterialUpdate":false,"showSkybox":true,"showFlares":true,"showImageEffects":true,"showParticleSystems":true},"in2DMode":false,"pivot":{"x":-194.61795043945313,"y":82.20211791992188,"z":-1.5999999046325684},"rotation":{"x":0.01787346415221691,"y":-0.7785123586654663,"z":0.6269820928573608,"w":0.022193197160959245},"size":28.578840255737306,"orthographic":false}