{"cameraMode":{"drawMode":0,"name":"Shaded","section":"Shading Mode"},"sceneLighting":false,"audioPlay":false,"sceneViewState":{"showFog":true,"showMaterialUpdate":false,"showSkybox":true,"showFlares":true,"showImageEffects":true,"showParticleSystems":true},"in2DMode":false,"pivot":{"x":-194.61795043945313,"y":77.19999694824219,"z":-28.268959045410158},"rotation":{"x":0.016357744112610818,"y":-0.8991607427597046,"z":0.43600964546203616,"w":0.03373388946056366},"size":85.73651885986328,"orthographic":false}