{"cameraMode":{"drawMode":0,"name":"Shaded","section":"Shading Mode"},"sceneLighting":false,"audioPlay":false,"sceneViewState":{"showFog":true,"showMaterialUpdate":false,"showSkybox":true,"showFlares":true,"showImageEffects":true,"showParticleSystems":true},"in2DMode":false,"pivot":{"x":-29.580360412597658,"y":5.494783401489258,"z":-44.34477996826172},"rotation":{"x":-0.00012944599438924342,"y":0.9962688684463501,"z":-0.0014943918213248253,"w":-0.08629122376441956},"size":35.073692321777347,"orthographic":false}