{"cameraMode":{"drawMode":0,"name":"Shaded","section":"Shading Mode"},"sceneLighting":false,"audioPlay":false,"sceneViewState":{"showFog":true,"showMaterialUpdate":false,"showSkybox":true,"showFlares":true,"showImageEffects":true,"showParticleSystems":true},"in2DMode":false,"pivot":{"x":0.0,"y":27.630516052246095,"z":2.454000234603882},"rotation":{"x":0.0012592406710609794,"y":-0.9979323744773865,"z":0.06084740161895752,"w":0.020664284005761148},"size":87.38077545166016,"orthographic":true}