{"cameraMode":{"drawMode":0,"name":"Shaded","section":"Shading Mode"},"sceneLighting":false,"audioPlay":false,"sceneViewState":{"showFog":true,"showMaterialUpdate":false,"showSkybox":true,"showFlares":true,"showImageEffects":true,"showParticleSystems":true},"in2DMode":false,"pivot":{"x":0.4140625,"y":-1.3405046463012696,"z":-0.2714444696903229},"rotation":{"x":0.04068534076213837,"y":-0.917782723903656,"z":0.09755758941173554,"w":0.38275593519210818},"size":2.6535561084747316,"orthographic":false}