{"cameraMode":{"drawMode":0,"name":"Shaded","section":"Shading Mode"},"sceneLighting":false,"audioPlay":false,"sceneViewState":{"showFog":true,"showMaterialUpdate":false,"showSkybox":true,"showFlares":true,"showImageEffects":true,"showParticleSystems":true},"in2DMode":false,"pivot":{"x":-589.7648315429688,"y":47.03511047363281,"z":501.5782470703125},"rotation":{"x":0.03718569129705429,"y":-0.7342420816421509,"z":0.04035023972392082,"w":0.6766666769981384},"size":85.73648834228516,"orthographic":false}