{"cameraMode":{"drawMode":0,"name":"Shaded","section":"Shading Mode"},"sceneLighting":false,"audioPlay":false,"sceneViewState":{"showFog":true,"showMaterialUpdate":false,"showSkybox":true,"showFlares":true,"showImageEffects":true,"showParticleSystems":true},"in2DMode":false,"pivot":{"x":5.989999771118164,"y":0.0,"z":-3.680000066757202},"rotation":{"x":0.3547746539115906,"y":-0.13811561465263368,"z":0.05307794734835625,"w":0.9231694340705872},"size":33.449039459228519,"orthographic":false}