{"cameraMode":{"drawMode":0,"name":"Shaded","section":"Shading Mode"},"sceneLighting":false,"audioPlay":false,"sceneViewState":{"showFog":true,"showMaterialUpdate":false,"showSkybox":true,"showFlares":true,"showImageEffects":true,"showParticleSystems":true},"in2DMode":false,"pivot":{"x":0.0,"y":27.630516052246095,"z":2.454000234603882},"rotation":{"x":0.13537685573101045,"y":0.038631193339824679,"z":-0.0052825165912508968,"w":0.9900267124176025},"size":87.38077545166016,"orthographic":true}