{"cameraMode":{"drawMode":0,"name":"Shaded","section":"Shading Mode"},"sceneLighting":false,"audioPlay":false,"sceneViewState":{"showFog":true,"showMaterialUpdate":false,"showSkybox":true,"showFlares":true,"showImageEffects":true,"showParticleSystems":true},"in2DMode":false,"pivot":{"x":471.75,"y":37.721580505371097,"z":134.2209930419922},"rotation":{"x":0.04068534076213837,"y":-0.917782723903656,"z":0.09755758941173554,"w":0.38275593519210818},"size":1.7147332429885865,"orthographic":false}