{"cameraMode":{"drawMode":0,"name":"Shaded","section":"Shading Mode"},"sceneLighting":false,"audioPlay":false,"sceneViewState":{"showFog":true,"showMaterialUpdate":false,"showSkybox":true,"showFlares":true,"showImageEffects":true,"showParticleSystems":true},"in2DMode":false,"pivot":{"x":0.0,"y":27.630516052246095,"z":2.454000234603882},"rotation":{"x":-0.008302510716021061,"y":0.6638423800468445,"z":0.007369632832705975,"w":0.7477901577949524},"size":87.38077545166016,"orthographic":true}