{"cameraMode":{"drawMode":0,"name":"Shaded","section":"Shading Mode"},"sceneLighting":false,"audioPlay":false,"sceneViewState":{"showFog":true,"showMaterialUpdate":false,"showSkybox":true,"showFlares":true,"showImageEffects":true,"showParticleSystems":true},"in2DMode":false,"pivot":{"x":471.75,"y":37.721580505371097,"z":134.2209930419922},"rotation":{"x":-0.23376059532165528,"y":0.0597519651055336,"z":-0.01439442578703165,"w":-0.9703496694564819},"size":8.573651313781739,"orthographic":false}