{"cameraMode":{"drawMode":0,"name":"Shaded","section":"Shading Mode"},"sceneLighting":false,"audioPlay":false,"sceneViewState":{"showFog":true,"showMaterialUpdate":false,"showSkybox":true,"showFlares":true,"showImageEffects":true,"showParticleSystems":true},"in2DMode":false,"pivot":{"x":4.998918533325195,"y":-1.844986915588379,"z":1.9784815311431885},"rotation":{"x":-0.24069473147392274,"y":-0.6352555751800537,"z":0.21823562681674958,"w":-0.7006351947784424},"size":18.66275405883789,"orthographic":false}