{"cameraMode":{"drawMode":0,"name":"Shaded","section":"Shading Mode"},"sceneLighting":false,"audioPlay":false,"sceneViewState":{"showFog":true,"showMaterialUpdate":false,"showSkybox":true,"showFlares":true,"showImageEffects":true,"showParticleSystems":true},"in2DMode":false,"pivot":{"x":1124.199951171875,"y":56.19999694824219,"z":203.39999389648438},"rotation":{"x":-0.23376059532165528,"y":0.0597519651055336,"z":-0.01439442578703165,"w":-0.9703496694564819},"size":1371.7843017578125,"orthographic":false}