{"cameraMode":{"drawMode":0,"name":"Shaded","section":"Shading Mode"},"sceneLighting":true,"audioPlay":false,"sceneViewState":{"showFog":true,"showMaterialUpdate":false,"showSkybox":true,"showFlares":true,"showImageEffects":true,"showParticleSystems":true},"in2DMode":false,"pivot":{"x":-0.26718807220458987,"y":-1.0610716342926026,"z":0.032738685607910159},"rotation":{"x":0.008365309797227383,"y":-0.08956017345190048,"z":0.0007527312845923007,"w":0.9959459900856018},"size":40.93315505981445,"orthographic":false}