{"cameraMode":{"drawMode":0,"name":"Shaded","section":"Shading Mode"},"sceneLighting":false,"audioPlay":false,"sceneViewState":{"showFog":true,"showMaterialUpdate":false,"showSkybox":true,"showFlares":true,"showImageEffects":true,"showParticleSystems":true},"in2DMode":false,"pivot":{"x":-15.452600479125977,"y":5.529549598693848,"z":-20.952600479125978},"rotation":{"x":0.324557363986969,"y":0.6278073191642761,"z":-0.32397496700286868,"w":0.628936231136322},"size":93.04362487792969,"orthographic":false}