{"cameraMode":{"drawMode":0,"name":"Shaded","section":"Shading Mode"},"sceneLighting":false,"audioPlay":false,"sceneViewState":{"showFog":true,"showMaterialUpdate":false,"showSkybox":true,"showFlares":true,"showImageEffects":true,"showParticleSystems":true},"in2DMode":false,"pivot":{"x":56.339996337890628,"y":0.0,"z":49.220001220703128},"rotation":{"x":-0.08091213554143906,"y":0.0044832900166511539,"z":-0.0003646551340352744,"w":-0.9967111349105835},"size":66.04124450683594,"orthographic":false}