{"cameraMode":{"drawMode":0,"name":"Shaded","section":"Shading Mode"},"sceneLighting":false,"audioPlay":false,"sceneViewState":{"showFog":true,"showMaterialUpdate":false,"showSkybox":true,"showFlares":true,"showImageEffects":true,"showParticleSystems":true},"in2DMode":false,"pivot":{"x":5.960464477539063e-8,"y":1.0,"z":2.4539999961853029},"rotation":{"x":0.13537685573101045,"y":0.038631193339824679,"z":-0.0052825165912508968,"w":0.9900267124176025},"size":4.041658401489258,"orthographic":true}