{"cameraMode":{"drawMode":0,"name":"Shaded","section":"Shading Mode"},"sceneLighting":true,"audioPlay":false,"sceneViewState":{"showFog":true,"showMaterialUpdate":false,"showSkybox":true,"showFlares":true,"showImageEffects":true,"showParticleSystems":true},"in2DMode":false,"pivot":{"x":1397.842529296875,"y":103.0,"z":-40.540435791015628},"rotation":{"x":0.2631705403327942,"y":0.6549835801124573,"z":-0.2619116008281708,"w":0.6581338047981262},"size":2956.750244140625,"orthographic":true}