{"cameraMode":{"drawMode":0,"name":"Shaded","section":"Shading Mode"},"sceneLighting":true,"audioPlay":false,"sceneViewState":{"showFog":true,"showMaterialUpdate":false,"showSkybox":true,"showFlares":true,"showImageEffects":true,"showParticleSystems":true},"in2DMode":false,"pivot":{"x":443.191162109375,"y":0.5878334045410156,"z":334.8814697265625},"rotation":{"x":0.35445666313171389,"y":-0.3145701289176941,"z":0.1279824674129486,"w":0.8712213039398193},"size":40.92659378051758,"orthographic":true}