{"cameraMode":{"drawMode":0,"name":"Shaded","section":"Shading Mode"},"sceneLighting":false,"audioPlay":false,"sceneViewState":{"showFog":true,"showMaterialUpdate":false,"showSkybox":true,"showFlares":true,"showImageEffects":true,"showParticleSystems":true},"in2DMode":false,"pivot":{"x":0.0,"y":2.4000000953674318,"z":0.10000000149011612},"rotation":{"x":0.28679120540618899,"y":0.5207059383392334,"z":-0.1911933869123459,"w":0.7810641527175903},"size":0.28578832745552065,"orthographic":true}