{"cameraMode":{"drawMode":0,"name":"Shaded","section":"Shading Mode"},"sceneLighting":false,"audioPlay":false,"sceneViewState":{"showFog":true,"showMaterialUpdate":false,"showSkybox":true,"showFlares":true,"showImageEffects":true,"showParticleSystems":true},"in2DMode":false,"pivot":{"x":-32.63999938964844,"y":0.06000041961669922,"z":-45.459999084472659},"rotation":{"x":0.2774420976638794,"y":0.6091384291648865,"z":-0.24040578305721284,"w":0.7029803395271301},"size":49.698974609375,"orthographic":false}