{"cameraMode":{"drawMode":0,"name":"Shaded","section":"Shading Mode"},"sceneLighting":false,"audioPlay":false,"sceneViewState":{"showFog":true,"showMaterialUpdate":false,"showSkybox":true,"showFlares":true,"showImageEffects":true,"showParticleSystems":true},"in2DMode":false,"pivot":{"x":-32.63999938964844,"y":0.06000041961669922,"z":-44.869998931884769},"rotation":{"x":-0.29177361726760867,"y":-0.6552546620368958,"z":0.3051930367946625,"w":-0.6263918280601502},"size":49.698974609375,"orthographic":true}