{"cameraMode":{"drawMode":0,"name":"Shaded","section":"Shading Mode"},"sceneLighting":false,"audioPlay":false,"sceneViewState":{"showFog":true,"showMaterialUpdate":false,"showSkybox":true,"showFlares":true,"showImageEffects":true,"showParticleSystems":true},"in2DMode":false,"pivot":{"x":902.8199462890625,"y":261.5798034667969,"z":899.990966796875},"rotation":{"x":-0.11214157938957215,"y":0.04618922248482704,"z":-0.005218321457505226,"w":-0.9926044344902039},"size":6.141659736633301,"orthographic":false}