{"cameraMode":{"drawMode":0,"name":"Shaded","section":"Shading Mode"},"sceneLighting":false,"audioPlay":false,"sceneViewState":{"showFog":true,"showMaterialUpdate":false,"showSkybox":true,"showFlares":true,"showImageEffects":true,"showParticleSystems":true},"in2DMode":false,"pivot":{"x":607.9292602539063,"y":91.163330078125,"z":84.386474609375},"rotation":{"x":-0.11214157938957215,"y":0.04618922248482704,"z":-0.005218321457505226,"w":-0.9926044344902039},"size":4.041658401489258,"orthographic":false}